1;"up_arrow"
2;"texture_404_popup"
3;"texture_404_carton"
4;"eyefind_texture_icons"
5;"eyefind_logo"
6;"eyefind_header_fill"
7;"down_arrow"
8;"ad_WARSTOCK_D_CACHE_D_AND_D_CARRY_COM_5"
9;"ad_WARSTOCK_D_CACHE_D_AND_D_CARRY_COM_4"
10;"ad_WARSTOCK_D_CACHE_D_AND_D_CARRY_COM_3"
11;"ad_WARSTOCK_D_CACHE_D_AND_D_CARRY_COM_1"
12;"ad_WARSTOCK_D_CACHE_D_AND_D_CARRY_COM"
13;"ad_THEDIAMONDCASINOANDRESORT_COM"
14;"ad_SOUTHERNSANANDREASSUPERAUTOS_COM"
15;"ad_PRIXLUXURYREALESTATE_COM"
16;"ad_PANDMCYCLES_COM"
17;"ad_LENNYAVERY_D_REALTY_COM"
18;"ad_LEGENDARYMOTORSPORT_NET"
19;"ad_FORECLOSURES_MAZE_D_BANK_COM"
20;"ad_ELITASTRAVEL_COM_2"
21;"ad_ELITASTRAVEL_COM"
22;"ad_DYNASTY8REALESTATE_COM"
23;"ad_DYNASTY8EXECUTIVEREALTY_COM"
24;"ad_DOCKTEASE_COM2"
25;"ad_DOCKTEASE_COM"
26;"ad_BENNYSORIGINALMOTORWORKS_COM"
27;"ad_ARENA_COM"
40;"button_eyefind"
41;"ERROR_PAGE"
43;"BOUNDING_BOX"
46;"TICKERTAPE"
76;"button_sponsoredAd"
90;"button_bleetBoxMC"
95;"CARET"
97;"search_box"
101;"button_random"
105;"button_mediaAndEnt"
109;"button_foorAndDrink"
113;"button_moneyAndServ"
117;"button_travelAndTrans"
121;"button_fashionAndHealth"
123;"button_readMoreNews"
125;"button_WOMtextLink"
157;"button_offer"
170;"CONTENT"
173;"thumbnailMC"
177;"featured_WARSTOCK"
180;"featured_SSSA"
183;"featured_PRIXLUXURYREALESTATE"
186;"featured_LGM"
189;"featured_ELITAS"
191;"featured_DYNASTY8EXEC"
194;"featured_DOCKTEASE"
201;"featured_button"
204;"featured_BENNYS"
206;"button_TEXT"
209;"button_searchResultMC"
211;"button_RESULTS"
213;"white_square"
216;"button_email_text"
220;"button_email_send"
224;"button_email_reply"
228;"button_email_delete"
230;"button_email_cancel"
234;"button_contact"
236;"white_square_rounded"
238;"summary_RESULTS"
240;"newsImageMC"
241;"FIB_MC"
242;"__Packages.com.rockstargames.ui.core.BaseWebsite"
243;"__Packages.com.rockstargames.gtav.web.WWW_EYEFIND_INFO"
244;"__Packages.com.rockstargames.gtav.web.allWebsites"
245;"__Packages.com.rockstargames.ui.utils.Localisation"
246;"__Packages.com.rockstargames.ui.game.GameInterface"
247;"__Packages.com.rockstargames.ui.utils.Debug"
248;"__Packages.com.rockstargames.ui.tweenStar.TweenStarLite"
249;"__Packages.com.rockstargames.ui.tweenStar.easing.Linear"
250;"__Packages.com.rockstargames.ui.tweenStar.easing.Quad"
251;"__Packages.com.rockstargames.ui.tweenStar.easing.Cubic"
252;"__Packages.com.rockstargames.ui.tweenStar.easing.Quart"
253;"__Packages.com.rockstargames.ui.tweenStar.easing.Sine"
254;"__Packages.com.rockstargames.ui.tweenStar.easing.Back"
255;"__Packages.com.rockstargames.ui.tweenStar.easing.Circ"
256;"__Packages.com.rockstargames.ui.tweenStar.Ease"
257;"__Packages.com.rockstargames.ui.tweenStar.TweenStarLiteRef"
258;"__Packages.com.rockstargames.gtav.utils.ROUND_DECIMAL_PLACES"
259;"__Packages.com.rockstargames.gtav.web.TICKERTAPE"
260;"__Packages.com.rockstargames.gtav.web.buttons.WebButton"
261;"__Packages.com.rockstargames.gtav.web.buttons.WebButtonAnchor"
262;"__Packages.com.rockstargames.gtav.web.buttons.WebButtonTextBox"
263;"__Packages.com.rockstargames.gtav.constants.WebBrowserButtonLUT"
264;"__Packages.com.rockstargames.gtav.web.buttons.WebButtonWWW"
265;"__Packages.com.rockstargames.gtav.web.WWW_EYEFIND_INFO_thumbnailLoader"
266;"__Packages.com.rockstargames.gtav.web.buttons.WebButtonPlus"
267;"__Packages.com.rockstargames.gtav.web.WWW_EYEFIND_INFO_newsImageLoader"
