1;"rockstarLogo256"
2;"rockstar_logo_32x32"
3;"header_grad_2x64"
4;"GameType_Icons_2"
5;"GameType_Icons"
6;"busyring"
7;"GenericImageLoader"
13;"freemodeTitleItem"
15;"selectionHover"
17;"selectionHighlight"
22;"radar_cm"
67;"selectionPanelItem"
69;"mouseCatcher"
71;"RACE_STUNT"
73;"-1635214638"
75;"-2006837758"
77;"RACE_AIR"
79;"RACE_WATER"
81;"RACE_BICYCLE"
83;"RACE_FOOT"
85;"RACE_LAND"
87;"VEHICLE_DEATHMATCH"
89;"BASE_JUMPING"
91;"GANG_ATTACK"
93;"TEAM_DEATHMATCH"
95;"SURVIVAL"
97;"RACE"
99;"DEATHMATCH"
101;"CUSTOM_MISSION"
121;"missiondetailsItem"
128;"PM_ScrollBase"
160;"mpFriendsListItem"
163;"busySpinner"
165;"mpFriendsList"
167;"panelGradient"
170;"verified"
176;"CONTENT"
178;"BOUNDING_BOX"
180;"__Packages.com.rockstargames.gtav.levelDesign.BaseScriptUI"
181;"__Packages.com.rockstargames.gtav.Multiplayer.MP_NEXT_JOB_SELECTION"
182;"__Packages.com.rockstargames.ui.utils.Colour"
183;"__Packages.com.rockstargames.ui.utils.HudColourLite"
184;"__Packages.com.rockstargames.ui.utils.HudColour"
185;"__Packages.com.rockstargames.ui.game.GameInterface"
186;"__Packages.com.rockstargames.gtav.Multiplayer.items.MPNextJobSelectionItem"
187;"__Packages.com.rockstargames.gtav.Multiplayer.ROCKSTAR_VERIFIED"
188;"__Packages.com.rockstargames.ui.media.ImageLoaderMC"
189;"__Packages.com.rockstargames.ui.tweenStar.TweenStarLite"
190;"__Packages.com.rockstargames.ui.tweenStar.easing.Linear"
191;"__Packages.com.rockstargames.ui.tweenStar.easing.Quad"
192;"__Packages.com.rockstargames.ui.tweenStar.easing.Cubic"
193;"__Packages.com.rockstargames.ui.tweenStar.easing.Quart"
194;"__Packages.com.rockstargames.ui.tweenStar.easing.Sine"
195;"__Packages.com.rockstargames.ui.tweenStar.easing.Back"
196;"__Packages.com.rockstargames.ui.tweenStar.easing.Circ"
197;"__Packages.com.rockstargames.ui.tweenStar.Ease"
198;"__Packages.com.rockstargames.ui.tweenStar.TweenStarLiteRef"
199;"__Packages.com.rockstargames.ui.utils.UIText"
200;"__Packages.com.rockstargames.ui.mouse.MouseBtnInterface"
201;"__Packages.com.rockstargames.ui.mouse.MouseBtn"
202;"__Packages.com.rockstargames.ui.mouse.MOUSE_EVENTS"
203;"__Packages.com.rockstargames.ui.utils.DelegateStar"
204;"__Packages.com.rockstargames.gtav.utils.GTAVUIUtils"
205;"__Packages.com.rockstargames.gtav.utils.GTAVUIConfig"
206;"__Packages.com.rockstargames.ui.components.GUIMenuItem"
207;"__Packages.com.rockstargames.gtav.pauseMenu.pauseMenuItems.PauseMenuBaseItem"
208;"__Packages.mx.utils.Delegate"
209;"__Packages.com.rockstargames.gtav.pauseMenu.pauseMenuItems.singleplayer.PauseMenuFreemodeDetailsItem"
210;"__Packages.com.rockstargames.gtav.pauseMenu.pauseMenuItems.singleplayer.PauseMenuFreemodeDetailsTitleItem"
211;"__Packages.com.rockstargames.gtav.pauseMenu.pauseComponents.PM_ScrollBase"
212;"__Packages.com.rockstargames.ui.components.IController"
213;"__Packages.com.rockstargames.ui.components.GUIController"
214;"__Packages.com.rockstargames.ui.components.GUIModel"
215;"__Packages.com.rockstargames.ui.components.GUIScroll"
216;"__Packages.com.rockstargames.ui.components.GUIView"
217;"__Packages.com.rockstargames.ui.utils.Debug"
218;"__Packages.com.rockstargames.ui.game.GamePadConstants"
219;"__Packages.com.rockstargames.gtav.pauseMenu.pauseComponents.PauseMenuComponentBase"
220;"__Packages.com.rockstargames.gtav.pauseMenu.pauseMenuItems.singleplayer.PauseMenuTitleItem"
221;"__Packages.com.rockstargames.ui.utils.Text"
222;"__Packages.com.rockstargames.gtav.pauseMenu.pauseMenuItems.multiplayer.PauseMPMenuFriendsListItem"
223;"__Packages.com.rockstargames.gtav.pauseMenu.pauseMenuItems.PauseMenuViewBase"
224;"__Packages.com.rockstargames.gtav.pauseMenu.pauseMenuItems.multiplayer.PauseMPMenuFriendsListView"
225;"__Packages.com.rockstargames.gtav.constants.MPIconLabels"
226;"__Packages.com.rockstargames.gtav.pauseMenu.pauseMenuItems.PauseMenuContentBase"
227;"__Packages.com.rockstargames.gtav.pauseMenuPages.PauseMenuBasePage"
228;"__Packages.com.rockstargames.gtav.constants.PauseMenuLUT"
229;"__Packages.com.rockstargames.gtav.constants.PauseMenuLookup"
230;"__Packages.com.rockstargames.gtav.constants.PauseMenuComponentLUT"
231;"__Packages.com.rockstargames.gtav.pauseMenu.PAUSE_MENU_SP_CONTENT"
232;"__Packages.com.rockstargames.gtav.pauseMenu.pauseComponents.ClickRepeat"
233;"__Packages.com.rockstargames.gtav.pauseMenu.pauseMenuItems.multiplayer.PauseMPMenuNextJobListItem"
234;"__Packages.com.rockstargames.gtav.pauseMenu.pauseComponents.PAUSE_MP_MENU_FRIENDS_LIST"
235;"__Packages.com.rockstargames.gtav.pauseMenu.pauseMenuItems.multiplayer.PauseMPMenuFriendsListModel"
