1;"tint3"
2;"tint2"
3;"tint1"
4;"tint0"
5;"splash_bg_2"
6;"splash_bg_1"
7;"pattern5"
8;"pattern4"
9;"pattern3"
10;"pattern2"
11;"pattern1"
12;"pattern0"
13;"panel"
14;"padlock"
15;"map_bg"
16;"logo_panel"
17;"logo"
18;"footer"
19;"button_logo"
20;"ai2"
21;"ai1"
22;"ai0"
24;"BOUNDING_BOX"
25;"CONTENT"
36;"underConstructionPage"
46;"fixedWidthButtonMedium"
83;"progressPanelStepButton"
102;"mansionSummaryPage"
116;"decorButton"
132;"patternButton"
144;"tintButton"
153;"tabButton"
154;"mansionStylePage"
162;"clickButton"
166;"mansionSplashPage"
171;"optionsButton"
182;"mansionSecurityPage"
186;"mansionPurchasePendingPage"
190;"mansionPurchasePage"
214;"mansionOptionsPage"
226;"mapButtonReversed"
231;"mapButton"
235;"fixedWidthButton"
242;"mansionMapPage"
260;"audioButton"
265;"mansionAssistantPage"
266;"__Packages.com.rockstargames.ui.core.BaseWebsite"
267;"__Packages.com.rockstargames.gtav.web.prixluxuryrealestate.Page"
268;"__Packages.com.rockstargames.gtav.web.prixluxuryrealestate.pages.MansionSplashPage"
269;"__Packages.com.rockstargames.gtav.web.prixluxuryrealestate.pages.MansionMapPage"
270;"__Packages.com.rockstargames.gtav.web.prixluxuryrealestate.Property"
271;"__Packages.com.rockstargames.gtav.web.prixluxuryrealestate.Price"
272;"__Packages.com.rockstargames.gtav.web.prixluxuryrealestate.Mansion"
273;"__Packages.com.rockstargames.gtav.web.prixluxuryrealestate.pages.MansionStylePage"
274;"__Packages.com.rockstargames.gtav.web.prixluxuryrealestate.ProgressPanel"
275;"__Packages.com.rockstargames.gtav.web.prixluxuryrealestate.pages.MansionOptionsPage"
276;"__Packages.com.rockstargames.gtav.web.prixluxuryrealestate.pages.MansionSecurityPage"
277;"__Packages.com.rockstargames.gtav.web.prixluxuryrealestate.pages.MansionAssistantPage"
278;"__Packages.com.rockstargames.gtav.web.prixluxuryrealestate.pages.MansionSummaryPage"
279;"__Packages.com.rockstargames.gtav.web.prixluxuryrealestate.pages.MansionPurchasePendingPage"
280;"__Packages.com.rockstargames.gtav.web.prixluxuryrealestate.pages.MansionPurchasePage"
281;"__Packages.com.rockstargames.gtav.web.prixluxuryrealestate.pages.UnderConstructionPage"
282;"__Packages.com.rockstargames.gtav.web.WWW_PRIXLUXURYREALESTATE_COM"
283;"__Packages.com.rockstargames.gtav.levelDesign.BaseScriptUI"
284;"__Packages.com.rockstargames.gtav.web.WEB_BROWSER_PARENT"
285;"__Packages.com.rockstargames.ui.core.BrowserUIComponent"
286;"__Packages.com.rockstargames.gtav.web.BrowserKeyboard"
287;"__Packages.com.rockstargames.ui.game.GameInterface"
288;"__Packages.com.rockstargames.ui.utils.Colour"
289;"__Packages.com.rockstargames.ui.utils.HudColourLite"
290;"__Packages.com.rockstargames.ui.utils.HudColour"
291;"__Packages.com.rockstargames.gtav.web.buttons.ButtonManager"
292;"__Packages.com.rockstargames.gtav.web.WEB_BROWSER"
293;"__Packages.com.rockstargames.ui.utils.DisplayConfig"
294;"__Packages.com.rockstargames.ui.tweenStar.TweenStarLite"
295;"__Packages.com.rockstargames.ui.tweenStar.easing.Linear"
296;"__Packages.com.rockstargames.ui.tweenStar.easing.Quad"
297;"__Packages.com.rockstargames.ui.tweenStar.easing.Cubic"
298;"__Packages.com.rockstargames.ui.tweenStar.easing.Quart"
299;"__Packages.com.rockstargames.ui.tweenStar.easing.Sine"
300;"__Packages.com.rockstargames.ui.tweenStar.easing.Back"
301;"__Packages.com.rockstargames.ui.tweenStar.easing.Circ"
302;"__Packages.com.rockstargames.ui.tweenStar.Ease"
303;"__Packages.com.rockstargames.ui.tweenStar.TweenStarLiteRef"
304;"__Packages.com.rockstargames.gtav.web.DynamicSiteContants"
305;"__Packages.com.rockstargames.ui.utils.FitToTextfield"
306;"__Packages.com.rockstargames.gtav.constants.WebBrowserButtonLUT"
307;"__Packages.com.rockstargames.gtav.web.buttons.WebButton"
308;"__Packages.com.rockstargames.gtav.web.buttons.WebBrowserListItem"
309;"__Packages.com.rockstargames.gtav.web.prixluxuryrealestate.ImageManager"
310;"__Packages.com.rockstargames.ui.game.GameGlobals"
311;"__Packages.com.rockstargames.gtav.web.buttons.WebButtonAnchor"
312;"__Packages.com.rockstargames.gtav.web.prixluxuryrealestate.ToggleButton"
