1;"WEAPONS_2"
2;"WEAPONS_1"
3;"WEAPONS_0"
4;"VEHICLE_2"
5;"VEHICLE_1"
6;"VEHICLE_0"
7;"VAULT_KEYPAD"
8;"VAULT_CODE"
9;"ui"
10;"TARGET_9"
11;"TARGET_8"
12;"TARGET_7"
13;"TARGET_6"
14;"TARGET_5"
15;"TARGET_4"
16;"TARGET_3"
17;"TARGET_26"
18;"TARGET_25"
19;"TARGET_24"
20;"TARGET_23"
21;"TARGET_22"
22;"TARGET_21"
23;"TARGET_20"
24;"TARGET_2"
25;"TARGET_19"
26;"TARGET_18"
27;"TARGET_17"
28;"TARGET_16"
29;"TARGET_15"
30;"TARGET_14"
31;"TARGET_13"
32;"TARGET_12"
33;"TARGET_11"
34;"TARGET_10"
35;"TARGET_1"
36;"TARGET_0"
37;"SKYLIGHT"
38;"SHIPMENTS"
39;"SECURITY_CAM"
40;"PILOT"
41;"MANHOLE"
42;"MAINTENANCE_DOOR"
43;"KEYCARD"
44;"INFILTRATION_3"
45;"INFILTRATION_2"
46;"INFILTRATION_1"
47;"INFILTRATION_0"
48;"HACKING_DEVICE"
49;"GUARD_PATROL"
50;"DRILL"
51;"DELIVERY_DOOR"
53;"BACKGROUND"
54;"CONTENT"
56;"BOUNDING_BOX"
214;"mainScreen"
216;"todoListItem"
220;"photo"
231;"overlay"
248;"cursor"
249;"__Packages.com.rockstargames.gtav.levelDesign.BaseScriptUI"
250;"__Packages.com.rockstargames.ui.core.BaseScreenLayout"
251;"__Packages.com.rockstargames.ui.utils.DisplayConfig"
252;"__Packages.com.rockstargames.ui.game.GameInterface"
253;"__Packages.com.rockstargames.gtav.levelDesign.KORTZ_HEIST_BOARD"
254;"__Packages.com.rockstargames.gtav.levelDesign.kortzHeistBoard.screens.Screen"
255;"__Packages.com.rockstargames.gtav.levelDesign.kortzHeistBoard.Cursor"
256;"__Packages.com.rockstargames.gtav.levelDesign.kortzHeistBoard.Rect"
257;"__Packages.com.rockstargames.ui.tweenStar.TweenStarLite"
258;"__Packages.com.rockstargames.ui.tweenStar.easing.Linear"
259;"__Packages.com.rockstargames.ui.tweenStar.easing.Quad"
260;"__Packages.com.rockstargames.ui.tweenStar.easing.Cubic"
261;"__Packages.com.rockstargames.ui.tweenStar.easing.Quart"
262;"__Packages.com.rockstargames.ui.tweenStar.easing.Sine"
263;"__Packages.com.rockstargames.ui.tweenStar.easing.Back"
264;"__Packages.com.rockstargames.ui.tweenStar.easing.Circ"
265;"__Packages.com.rockstargames.ui.tweenStar.Ease"
266;"__Packages.com.rockstargames.ui.tweenStar.TweenStarLiteRef"
267;"__Packages.com.rockstargames.gtav.levelDesign.kortzHeistBoard.Overlay"
268;"__Packages.com.rockstargames.gtav.levelDesign.kortzHeistBoard.Button"
269;"__Packages.com.rockstargames.gtav.levelDesign.kortzHeistBoard.ButtonIDs"
270;"__Packages.com.rockstargames.gtav.levelDesign.kortzHeistBoard.screens.MainScreen"
271;"__Packages.com.rockstargames.gtav.levelDesign.kortzHeistBoard.TodoList"
272;"__Packages.com.rockstargames.gtav.levelDesign.kortzHeistBoard.ImageManager"
