1;"shim"
2;"GameType_Icons_2"
3;"GameType_Icons"
5;"HEIST_PREP"
7;"-1635214638"
9;"-2006837758"
11;"RACE_AIR"
13;"RACE_WATER"
15;"RACE_BICYCLE"
17;"RACE_FOOT"
19;"RACE_LAND"
21;"VEHICLE_DEATHMATCH"
23;"BASE_JUMPING"
25;"GANG_ATTACK"
27;"TEAM_DEATHMATCH"
29;"SURVIVAL"
31;"RACE"
33;"DEATHMATCH"
35;"CUSTOM_MISSION"
57;"CONTENT"
59;"BOUNDING_BOX"
110;"playerListItem"
111;"avatarImage"
113;"__Packages.com.rockstargames.gtav.levelDesign.BaseScriptUI"
114;"__Packages.com.rockstargames.gtav.Multiplayer.MP_MM_CARD_FREEMODE"
115;"__Packages.com.rockstargames.ui.utils.Colour"
116;"__Packages.com.rockstargames.ui.utils.HudColourLite"
117;"__Packages.com.rockstargames.ui.utils.HudColour"
118;"__Packages.com.rockstargames.ui.game.GameInterface"
119;"__Packages.com.rockstargames.gtav.Multiplayer.items.MPMMFreemodeItem"
120;"__Packages.com.rockstargames.ui.media.ImageLoaderMC"
121;"__Packages.com.rockstargames.ui.utils.UIText"
122;"__Packages.com.rockstargames.gtav.utils.GTAVUIUtils"
123;"__Packages.com.rockstargames.gtav.utils.GTAVUIConfig"
124;"__Packages.com.rockstargames.ui.tweenStar.TweenStarLite"
125;"__Packages.com.rockstargames.ui.tweenStar.easing.Linear"
126;"__Packages.com.rockstargames.ui.tweenStar.easing.Quad"
127;"__Packages.com.rockstargames.ui.tweenStar.easing.Cubic"
128;"__Packages.com.rockstargames.ui.tweenStar.easing.Quart"
129;"__Packages.com.rockstargames.ui.tweenStar.easing.Sine"
130;"__Packages.com.rockstargames.ui.tweenStar.easing.Back"
131;"__Packages.com.rockstargames.ui.tweenStar.easing.Circ"
132;"__Packages.com.rockstargames.ui.tweenStar.Ease"
133;"__Packages.com.rockstargames.ui.tweenStar.TweenStarLiteRef"
