1;"fblogo"
2;"controller"
4;"IMPORTS"
11;"SettingsVideoMemory2"
13;"settingsVideoMemory"
17;"settingsSocialGraphic"
19;"itemfblogo"
40;"settingsControlsGraphic"
46;"settingsAudioGraphic"
48;"freemodeItemBar"
49;"__Packages.com.rockstargames.gtav.pauseMenuPages.PAUSE_MENU_PAGES_SETTINGS"
50;"__Packages.com.rockstargames.gtav.pauseMenu.pauseComponents.PAUSE_MENU_SETTINGS"
51;"__Packages.com.rockstargames.gtav.pauseMenu.pauseMenuItems.PauseMenuColourBar"
52;"__Packages.com.rockstargames.gtav.pauseMenu.pauseMenuItems.PauseMenuSettingsModel"
53;"__Packages.com.rockstargames.gtav.pauseMenu.pauseMenuItems.PauseMenuViewBase"
54;"__Packages.com.rockstargames.gtav.pauseMenu.pauseMenuItems.PauseMenuSettingsView"
55;"__Packages.com.rockstargames.gtav.pauseMenu.pauseMenuItems.PauseMenuSettingsTextItem"
56;"__Packages.gfx.utils.Delegate"
57;"__Packages.com.rockstargames.ui.components.IController"
58;"__Packages.com.rockstargames.ui.components.GUIScroll"
59;"__Packages.com.rockstargames.ui.utils.HudColourLite"
60;"__Packages.mx.utils.Delegate"
61;"__Packages.com.rockstargames.ui.tweenStar.easing.Linear"
62;"__Packages.com.rockstargames.ui.tweenStar.easing.Quad"
63;"__Packages.com.rockstargames.ui.tweenStar.easing.Cubic"
64;"__Packages.com.rockstargames.ui.tweenStar.easing.Quart"
65;"__Packages.com.rockstargames.ui.tweenStar.easing.Sine"
66;"__Packages.com.rockstargames.ui.tweenStar.easing.Back"
67;"__Packages.com.rockstargames.ui.tweenStar.easing.Circ"
68;"__Packages.com.rockstargames.gtav.pauseMenu.pauseMenuItems.PauseMenuSettingsAudio"
