1;"rockstarLogo512"
2;"rockstar_logo_32x32"
3;"GameType_Icons_2"
4;"GameType_Icons"
5;"GenericImageLoader"
10;"statWheel"
12;"TIME_TRIAL"
14;"RACE_STUNT"
16;"HEIST"
18;"HEIST_PREP"
20;"-1635214638"
22;"-2006837758"
24;"RACE_AIR"
26;"RACE_WATER"
28;"RACE_BICYCLE"
30;"RACE_FOOT"
32;"RACE_LAND"
34;"VEHICLE_DEATHMATCH"
36;"BASE_JUMPING"
38;"GANG_ATTACK"
40;"TEAM_DEATHMATCH"
42;"SURVIVAL"
44;"RACE"
46;"DEATHMATCH"
48;"CUSTOM_MISSION"
83;"freemodeDetailsItem"
88;"freemodeTitleItem"
93;"radar_cm"
96;"verified"
111;"freemodeDetails"
112;"__Packages.com.rockstargames.gtav.pauseMenu.pauseMenuItems.singleplayer.PauseMenuFreemodeDetailsItem"
113;"__Packages.com.rockstargames.ui.utils.HudColourLite"
114;"__Packages.mx.utils.Delegate"
115;"__Packages.com.rockstargames.gtav.pauseMenu.pauseMenuItems.singleplayer.PauseMenuFreemodeDetailsTitleItem"
116;"__Packages.com.rockstargames.gtav.minimap.ColourMeBlip"
117;"__Packages.com.rockstargames.gtav.minimap.CM_ICON"
118;"__Packages.com.rockstargames.gtav.Multiplayer.ROCKSTAR_VERIFIED"
119;"__Packages.com.rockstargames.gtav.pauseMenu.pauseComponents.PAUSE_MENU_FREEMODE_DETAILS"
120;"__Packages.com.rockstargames.gtav.pauseMenu.pauseMenuItems.singleplayer.PauseMenuFreemodeDetailsModel"
121;"__Packages.com.rockstargames.gtav.pauseMenu.pauseMenuItems.PauseMenuViewBase"
122;"__Packages.com.rockstargames.gtav.pauseMenu.pauseMenuItems.singleplayer.PauseMenuFreemodeDetailsView"
123;"__Packages.com.rockstargames.ui.components.IController"
124;"__Packages.com.rockstargames.ui.components.GUIScroll"
125;"__Packages.com.rockstargames.ui.tweenStar.easing.Linear"
126;"__Packages.com.rockstargames.ui.tweenStar.easing.Quad"
127;"__Packages.com.rockstargames.ui.tweenStar.easing.Cubic"
128;"__Packages.com.rockstargames.ui.tweenStar.easing.Quart"
129;"__Packages.com.rockstargames.ui.tweenStar.easing.Sine"
130;"__Packages.com.rockstargames.ui.tweenStar.easing.Back"
131;"__Packages.com.rockstargames.ui.tweenStar.easing.Circ"
